<?xml version="1.0" encoding="UTF-8"?>
<jcr:root xmlns:oak="http://jackrabbit.apache.org/oak/ns/1.0" xmlns:cq="http://www.day.com/jcr/cq/1.0" xmlns:jcr="http://www.jcp.org/jcr/1.0" xmlns:nt="http://www.jcp.org/jcr/nt/1.0" xmlns:rep="internal"
    jcr:mixinTypes="[rep:AccessControllable]"
    jcr:primaryType="nt:unstructured">
    <socialLucene/>
    <workflowDataLucene/>
    <slingeventJob/>
    <jcrLanguage/>
    <versionStoreIndex/>
    <repMembers/>
    <cqAuditLucene
        jcr:created="{Date}2020-10-08T15:06:57.378-07:00"
        jcr:createdBy="Ensure Oak Index"
        jcr:primaryType="oak:QueryIndexDefinition"
        async="async"
        compatVersion="{Long}2"
        reindex="{Boolean}false"
        reindexCount="{Long}1"
        seed="{Long}-1815663312840145991"
        type="lucene">
        <indexRules jcr:primaryType="nt:unstructured">
            <cq:AuditEvent jcr:primaryType="nt:unstructured">
                <properties jcr:primaryType="nt:unstructured">
                    <path
                        jcr:primaryType="nt:unstructured"
                        name="cq:path"
                        propertyIndex="{Boolean}true"/>
                    <time
                        jcr:primaryType="nt:unstructured"
                        name="cq:time"
                        propertyIndex="{Boolean}true"/>
                    <type
                        jcr:primaryType="nt:unstructured"
                        name="cq:type"
                        propertyIndex="{Boolean}true"/>
                    <user
                        jcr:primaryType="nt:unstructured"
                        name="cq:userid"
                        propertyIndex="{Boolean}true"/>
                </properties>
            </cq:AuditEvent>
        </indexRules>
    </cqAuditLucene>
    <cqReportsLucene/>
    <commerceLucene/>
    <counter/>
    <authorizables/>
    <enablementResourceName/>
    <externalPrincipalNames/>
    <cmLucene/>
    <cqProjectLucene/>
    <ntFolderDamLucene/>
    <acPrincipalName/>
    <uuid/>
    <damAssetLucene/>
    <rep:policy/>
    <cqPayloadPath/>
    <nodetypeLucene/>
    <nodetype/>
    <ntBaseLucene/>
    <reference/>
    <principalName/>
    <cqTagLucene/>
    <lucene/>
    <repTokenIndex/>
    <externalId/>
    <authorizableId/>
    <cqPageLucene/>
</jcr:root>
