<?xml version="1.0" encoding="UTF-8"?>
<jcr:root xmlns:sling="http://sling.apache.org/jcr/sling/1.0" xmlns:cq="http://www.day.com/jcr/cq/1.0" xmlns:jcr="http://www.jcp.org/jcr/1.0" xmlns:nt="http://www.jcp.org/jcr/nt/1.0"
    jcr:primaryType="cq:Page">
    <jcr:content jcr:primaryType="nt:unstructured">
        <body jcr:primaryType="nt:unstructured">
            <items jcr:primaryType="nt:unstructured">
                <form jcr:primaryType="nt:unstructured">
                    <items jcr:primaryType="nt:unstructured">
                        <wizard jcr:primaryType="nt:unstructured">
                            <items jcr:primaryType="nt:unstructured">
                                <tabs jcr:primaryType="nt:unstructured">
                                    <items jcr:primaryType="nt:unstructured">
                                        <basic jcr:primaryType="nt:unstructured">
                                            <items jcr:primaryType="nt:unstructured">
                                                <singlecontainer jcr:primaryType="nt:unstructured">
                                                    <items jcr:primaryType="nt:unstructured">
                                                        <on-approve
                                                            jcr:primaryType="nt:unstructured"
                                                            sling:resourceType="granite/ui/components/foundation/form/pathbrowser"
                                                            fieldLabel="On Approve Move To"
                                                            name="onApproveMoveTo"
                                                            predicate="folder"
                                                            rootPath="/content/dam"/>
                                                        <on-reject
                                                            jcr:primaryType="nt:unstructured"
                                                            sling:resourceType="granite/ui/components/foundation/form/pathbrowser"
                                                            fieldLabel="On Reject Move To"
                                                            name="onRejectMoveTo"
                                                            predicate="folder"
                                                            rootPath="/content/dam"/>
                                                        <on-review-conflict-resolution
                                                            jcr:primaryType="nt:unstructured"
                                                            sling:resourceType="granite/ui/components/foundation/form/select"
                                                            fieldLabel="Review Conflict Resolution"
                                                            name="onReviewConflictResolution">
                                                            <items jcr:primaryType="nt:unstructured">
                                                                <new-version
                                                                    jcr:primaryType="nt:unstructured"
                                                                    text="Add as new version"
                                                                    value="new-version"/>
                                                                <new-asset
                                                                    jcr:primaryType="nt:unstructured"
                                                                    text="Add as new asset"
                                                                    value="new-asset"/>
                                                                <replace
                                                                    jcr:primaryType="nt:unstructured"
                                                                    text="Replace"
                                                                    value="replace"/>
                                                                <skip
                                                                    jcr:primaryType="nt:unstructured"
                                                                    text="Skip"
                                                                    value="skip"/>
                                                            </items>
                                                        </on-review-conflict-resolution>
                                                    </items>
                                                </singlecontainer>
                                            </items>
                                        </basic>
                                    </items>
                                </tabs>
                            </items>
                        </wizard>
                    </items>
                </form>
            </items>
        </body>
    </jcr:content>
</jcr:root>
