<?xml version="1.0" encoding="UTF-8"?>
<jcr:root xmlns:sling="http://sling.apache.org/jcr/sling/1.0" xmlns:granite="http://www.adobe.com/jcr/granite/1.0" xmlns:cq="http://www.day.com/jcr/cq/1.0" xmlns:jcr="http://www.jcp.org/jcr/1.0" xmlns:nt="http://www.jcp.org/jcr/nt/1.0"
    jcr:primaryType="cq:Page">
    <jcr:content jcr:primaryType="nt:unstructured">
        <body jcr:primaryType="nt:unstructured">
            <items jcr:primaryType="nt:unstructured">
                <form jcr:primaryType="nt:unstructured">
                    <items jcr:primaryType="nt:unstructured">
                        <wizard jcr:primaryType="nt:unstructured">
                            <items jcr:primaryType="nt:unstructured">
                                <settingStep jcr:primaryType="nt:unstructured">
                                    <items jcr:primaryType="nt:unstructured">
                                        <fixedColumns jcr:primaryType="nt:unstructured">
                                            <items jcr:primaryType="nt:unstructured">
                                                <fixedColumn2 jcr:primaryType="nt:unstructured">
                                                    <items jcr:primaryType="nt:unstructured">
                                                        <tabs jcr:primaryType="nt:unstructured">
                                                            <items jcr:primaryType="nt:unstructured">
                                                                <tab1 jcr:primaryType="nt:unstructured">
                                                                    <items jcr:primaryType="nt:unstructured">
                                                                        <asset-folder-properties-support
                                                                            jcr:primaryType="nt:unstructured"
                                                                            sling:orderBefore="titlefield"
                                                                            sling:resourceType="acs-commons/touchui-widgets/asset-folder-properties-support"/>
                                                                    </items>
                                                                </tab1>
                                                                <tab5 jcr:primaryType="nt:unstructured">
                                                                    <items jcr:primaryType="nt:unstructured">
                                                                        <cloudservices jcr:primaryType="nt:unstructured">
                                                                            <items jcr:primaryType="nt:unstructured">
                                                                                <column jcr:primaryType="nt:unstructured">
                                                                                    <items jcr:primaryType="nt:unstructured">
                                                                                        <brand-portal
                                                                                            granite:id="mpConfig"
                                                                                            jcr:primaryType="nt:unstructured"
                                                                                            sling:resourceType="granite/ui/components/coral/foundation/form/pathfield"
                                                                                            emptyText="Select the Brand Portal tenant this folder will publish to via BP WF"
                                                                                            fieldDescription="Absolute path to the Brand Portal cloud service configuration"
                                                                                            fieldLabel="Brand Portal"
                                                                                            name="./mpConfig"
                                                                                            rootPath="/etc/cloudservices/mediaportal"/>
                                                                                    </items>
                                                                                </column>
                                                                            </items>
                                                                        </cloudservices>
                                                                    </items>
                                                                </tab5>
                                                            </items>
                                                        </tabs>
                                                    </items>
                                                </fixedColumn2>
                                            </items>
                                        </fixedColumns>
                                    </items>
                                </settingStep>
                            </items>
                        </wizard>
                    </items>
                </form>
            </items>
        </body>
    </jcr:content>
</jcr:root>
