<?xml version="1.0" encoding="UTF-8"?>
<jcr:root xmlns:oak="http://jackrabbit.apache.org/oak/ns/1.0" xmlns:cq="http://www.day.com/jcr/cq/1.0" xmlns:jcr="http://www.jcp.org/jcr/1.0" xmlns:nt="http://www.jcp.org/jcr/nt/1.0" xmlns:rep="internal"
    jcr:mixinTypes="[rep:AccessControllable]"
    jcr:primaryType="nt:unstructured">
    <socialLucene/>
    <cqCloudServiceConfig/>
    <cqMaster/>
    <workflowDataLucene/>
    <slingeventJob/>
    <jcrLanguage/>
    <extensionType/>
    <damScene7UploadTimeStamp/>
    <containeeInstanceId/>
    <active/>
    <cqMobileAppLucene/>
    <versionStoreIndex/>
    <cqIsCommunitySite/>
    <repMembers/>
    <commerceLucene/>
    <counter/>
    <damScene7name/>
    <authorizables/>
    <cqDefaultFormFor/>
    <slingResourceSuperType/>
    <damScene7FileStatus/>
    <cqAuditEvent
        jcr:primaryType="oak:QueryIndexDefinition"
        propertyNames="{Name}[cq:type,cq:time,cq:userid,cq:path]"
        reindex="{Boolean}false"
        reindexCount="{Long}2"
        type="lucene">
        <indexRules jcr:primaryType="nt:unstructured">
            <cq:AuditEvent
                jcr:primaryType="nt:unstructured"
                includePropertyTypes="all"
                inherited="{Boolean}false">
                <properties jcr:primaryType="nt:unstructured">
                    <prop0
                        jcr:primaryType="nt:unstructured"
                        analyzed="{Boolean}true"
                        isRegexp="{Boolean}true"
                        name="^[^\\/]*$"
                        nodeScopeIndex="{Boolean}true"
                        propertyIndex="{Boolean}false"
                        useInExcerpt="{Boolean}true"/>
                </properties>
            </cq:AuditEvent>
        </indexRules>
    </cqAuditEvent>
    <cqCugEnabled/>
    <damScene7ID/>
    <cqAcUUID/>
    <externalPrincipalNames/>
    <campaignpath/>
    <eclink/>
    <damS7watch/>
    <cqProjectLucene/>
    <acPrincipalName/>
    <fpContentType/>
    <cqVariantFamily/>
    <uuid/>
    <slingVanityPath/>
    <jcrLockOwner/>
    <damAssetLucene/>
    <deviceIdentificationMode/>
    <rep:policy/>
    <cqCloudServiceConfigs/>
    <slingResources/>
    <cqPayloadPath/>
    <contentPath/>
    <ecuuid/>
    <cqOwnerCanvasPage/>
    <nodetype/>
    <cqTemplate/>
    <ntBaseLucene/>
    <verb/>
    <reference/>
    <lockCreated/>
    <principalName/>
    <cqTagLucene/>
    <lucene/>
    <guideComponentType/>
    <externalId/>
    <slingAlias/>
    <fragmentPath/>
    <authorizableId/>
    <cqPageLucene/>
    <slingResourceType/>
    <cqKeywords/>
    <damStatus/>
</jcr:root>
