<?xml version="1.0" encoding="UTF-8"?>
<jcr:root xmlns:sling="http://sling.apache.org/jcr/sling/1.0" xmlns:cq="http://www.day.com/jcr/cq/1.0" xmlns:jcr="http://www.jcp.org/jcr/1.0" xmlns:nt="http://www.jcp.org/jcr/nt/1.0"
    jcr:isCheckedOut="{Boolean}false"
    jcr:primaryType="cq:WorkflowModel"
    jcr:uuid="3a92c4b1-9733-4831-8e48-df729bb8f1d3"
    sling:resourceType="cq/workflow/components/model"
    description="No Description"
    title="Synchronize Smart Tags to XMP Metadata">
    <metaData
        cq:generatingPage="/conf/global/settings/workflow/models/synchronize-smart-tags-to-xmp-metadata/jcr:content"
        cq:lastModified="{Long}1545422599877"
        cq:lastModifiedBy="admin"
        jcr:primaryType="nt:unstructured"
        multiResourceSupport="true"
        transient="true"/>
    <nodes jcr:primaryType="nt:unstructured">
        <node0
            jcr:primaryType="cq:WorkflowNode"
            title="Start"
            type="START">
            <metaData jcr:primaryType="nt:unstructured"/>
        </node0>
        <node1
            jcr:primaryType="cq:WorkflowNode"
            title="Sync Smart Tags to XMP Metadata Resource"
            type="PROCESS">
            <metaData
                jcr:primaryType="nt:unstructured"
                PROCESS="com.adobe.acs.commons.workflow.process.impl.SyncSmartTagToMetadataProcess"
                PROCESS_AUTO_ADVANCE="true"/>
        </node1>
        <node2
            jcr:primaryType="cq:WorkflowNode"
            title="XMP Writeback"
            type="PROCESS">
            <metaData
                jcr:primaryType="nt:unstructured"
                PROCESS="com.day.cq.dam.core.process.XMPWritebackProcess"
                PROCESS_ARGS="createversion:true,rendition:original"
                PROCESS_AUTO_ADVANCE="true"/>
        </node2>
        <node3
            jcr:primaryType="cq:WorkflowNode"
            description="This process will send DamEvent.Type.DAM_METADATA_WRITEBACK_WORKFLOW_COMPLETED event when DAM metadata writeback workflow is completed"
            title="DAM Metadata Writeback Workflow Completed"
            type="PROCESS">
            <metaData
                jcr:primaryType="nt:unstructured"
                PROCESS="com.day.cq.dam.core.impl.process.DamMetadataWritebackWorkflowCompletedProcess"
                PROCESS_AUTO_ADVANCE="true"/>
        </node3>
        <node4
            jcr:primaryType="cq:WorkflowNode"
            title="End"
            type="END">
            <metaData jcr:primaryType="nt:unstructured"/>
        </node4>
    </nodes>
    <transitions jcr:primaryType="nt:unstructured">
        <node0_x0023_node1
            jcr:primaryType="cq:WorkflowTransition"
            from="node0"
            rule=""
            to="node1">
            <metaData jcr:primaryType="nt:unstructured"/>
        </node0_x0023_node1>
        <node1_x0023_node2
            jcr:primaryType="cq:WorkflowTransition"
            from="node1"
            rule=""
            to="node2">
            <metaData jcr:primaryType="nt:unstructured"/>
        </node1_x0023_node2>
        <node2_x0023_node3
            jcr:primaryType="cq:WorkflowTransition"
            from="node2"
            rule=""
            to="node3">
            <metaData jcr:primaryType="nt:unstructured"/>
        </node2_x0023_node3>
        <node3_x0023_node4
            jcr:primaryType="cq:WorkflowTransition"
            from="node3"
            to="node4">
            <metaData jcr:primaryType="nt:unstructured"/>
        </node3_x0023_node4>
    </transitions>
</jcr:root>
